sku,nome,categoria,preco
1219746,Walkman Sony MDR-WS623 BM 4GB Bluetooth NFC Preto,Fone de Ouvido,100.00
3055397,SSD Adata Swordfish 2TB 3D NAND M.2 2280 PCIe Gen3x4 - ASWORDFISH-2T-C,Memória SSD,139.00
2812960,SSD Externo S3+ Portable 256GB S3SSDP256 - USB-C,Memória SSD,25.50
2812953,SSD Externo S3+ Portable 512GB S3SSDP512 - USB-C,Memória SSD,47.00
2850962,SSD Interno Crucial P5 2TB NVMe PCIe 2280 M.2 - CT2000P5SSD8,Memória SSD,139.50
3259634,SSD Interno WD Blue SA510 1TB NVMe PCIe 2280 M.2 - WDS100T3B0B-00AXS0,Memória SSD,99.00
3259658,SSD Interno WD Blue SA510 500GB NVMe PCIe 2280 M.2 - WDS500G3B0B-00AXS0,Memória SSD,56.00
3259672,SSD Interno WD Green 480GB NVMe PCIe 2280 M.2 - WDS480G3G0B,Memória SSD,28.50
2600321,SSD KEEPDATA 120GB SATA III 6GB s - KDS120G-L21,Memória SSD,10.50
2735498,SSD Keepdata 128GB M.2 6GB s KDM128G-J12,Memória SSD,10.90
2960661,SSD KeepData 128GB NVMe PCIe Gen 3.0 x 4 - KDNV128G-J12,Memória SSD,15.90
3165102,SSD Keepdata 1TB M.2 NGFF 2280 KDM1T-J12,Memória SSD,52.90
3165133,SSD Keepdata 1TB M.2 NVMe PCIe Gen 3.0 KDNV1T-J12,Memória SSD,58.90
2879192,SSD KeepData 2.5 480GB SATA III 6GB s - KDS480G-L21,Memória SSD,25.90
2600338,SSD KEEPDATA 240GB SATA III 6GB s - KDS240G-L21,Memória SSD,15.50
2735504,SSD Keepdata 256GB M.2 6GB s KDM256G-J12,Memória SSD,15.90
2960678,SSD KeepData 256GB NVMe PCIe Gen 3.0 x4 - KDNV256G-J12,Memória SSD,20.90
3269879,SSD KeepData 2TB 2.5 SATA 6GB s 10X - KDS2T-L21,Memória SSD,95.90
3269862,SSD KeepData 2TB M.2 2280 - KDM2T-J12,Memória SSD,96.90
3265833,SSD KeepData 2TB NVMe PCIe Gen 3.0 x4 - KDNV2T-J12,Memória SSD,118.90
2879208,SSD Keepdata 512GB M.2 6GB s KDM512G-J12,Memória SSD,27.90
2960685,SSD KeepData 512GB NVMe PCIe Gen 3.0 x4 - KDNV512G-J12,Memória SSD,32.90
3165041,SSD KeepData 960GB 2.5 SATA III 6GB s - KDS960G-L21,Memória SSD,49.90
3068588,SSD Lexar NM610 M.2 2280 NVMe 500GB - LNM610-500RBNA,Memória SSD,45.75
3011201,SSD M.2 NVMe Kingston NV1 250GB -SNVS 250GB,Memória SSD,24.90
3286548,SSD M.2 NVMe Kingston NV2 1TB SNV2S 1000G - 3500MB s,Memória SSD,58.25
3286364,SSD M.2 NVMe Kingston NV2 500GB SNVS 500G - 3500MB s,Memória SSD,34.50
792769,SSD Plus SanDisk 240GB 2.5 SATA 3.0 6Gbit s L-530MB s e G-440MB s SDSSDA-240G-G,Memória SSD,18.25
3222256,SSD WD Green 480GB SATA III 6 GB s - WDS480G3G0A,Memória SSD,27.75
2690162,SSD WD Green SN350 480GB NVMe PCIe 2280 M.2 - 2400Mbps WDS480G2G0C,Memória SSD,33.90
2989686,SSD Western Digital WD_BLACK 500GB SN850 M.2 2280 NVMe - WDS500G1X0E-00AFY0,Memória SSD,96.00
2755335,Caneta Digital Huion Scribo PW310,Mesa Digitalizadora,28.00
2544977,Caneta Huion Digital Pen sem Bateria - PW500,Mesa Digitalizadora,36.00
2544991,Caneta Huion Digital Pen sem Bateria - PW517,Mesa Digitalizadora,36.00
2634661,Luva Huion GL200 Sketch para Bloquear Atrito em Mesa Digitalizadora Preto,Mesa Digitalizadora,7.90
2755359,Mesa Digitalizadora Huion Inspiroy H952-B - Preto 221 x 138mm,Mesa Digitalizadora,80.00
3078723,Mesa Digitalizadora Huion Inspiroy RTP-700 - Cosmo Black 279.4 x 174.6mm,Mesa Digitalizadora,110.00
3078693,Mesa Digitalizadora Huion Inspiroy RTS-300 - Cosmo Black 160 x 100mm,Mesa Digitalizadora,62.00
2545097,Mesa Digitalizadora Huion Kamvas 13 GS1331-G - Verde 293.76x165.24mm,Mesa Digitalizadora,272.00
2544960,Mesa Digitalizadora Huion Kamvas 13 GS1331-P - Roxo 293.76x165.24mm,Mesa Digitalizadora,272.00
2545080,Mesa Digitalizadora Huion Kamvas PRO GT-156P Premium 15.6 - Preto,Mesa Digitalizadora,478.00
3078747,Mesa Digitalizadora Huion Keydial KD200 Wireless Bluetooth - 226 x 142.88mm,Mesa Digitalizadora,165.00
2545004,Mesa Digitalizadora Huion Led Light A2 - Micro-USB 20.47 x12.6,Mesa Digitalizadora,100.00
2545042,Mesa Digitalizadora Huion Led Light L4S - Micro-USB 8.27 x12.20,Mesa Digitalizadora,40.00
2545028,Mesa Digitalizadora Huion Led Light LA3 - Micro-USB 415x330mm,Mesa Digitalizadora,58.00
1604818,Mesa Digitalizadora Wacom Intuos CTL6100WL Bluetooth - Preto,Mesa Digitalizadora,189.00
1619720,Mesa Digitalizadora Wacom Intuos CTL6100WLE0 Bluetooth - Preto,Mesa Digitalizadora,189.00
2539768,Mesa Digitalizadora XP-Pen Deco Pro Small,Mesa Digitalizadora,108.00
2634647,Suporte Huion ST300 para Tablets Gráficos Kamvas Preto Prata,Mesa Digitalizadora,58.00
3164983,Memória para Notebook Keepdata 32GB 2666MHz DDR4 KD26S19 32G,Mesa para Notebook,79.90
3164990,Memória para Notebook Keepdata 32GB 3200MHz DDR4 KD32S22 32G,Mesa para Notebook,79.90
2526577,Monitor 34 Cooler Master GM34-CW Curved 1500R 1ms 144Hz,Monitores,585.00
2639628,Monitor Curve Gaming MSI 23.6 Optix G24C FHD 1ms 144Hz HDMI DP Preto Vermelho,Monitores,226.00
805896,Monitor Curve Samsung 24 C24F390FHL LED Full HD VGA HDMI,Monitores,136.00
2642222,Monitor Curve Samsung 27.0 LC27G55TQWLX WQHD 1ms 144Hz HDMI DP,Monitores,322.00
2667683,Monitor Curved Acer 32.0 XZ320Q Xbmiiphx 1ms 240Hz Full HD DP HDMI,Monitores,383.00
3129067,Monitor Curved Gaming MSI 31.5 Optix G32CQ4 WQHD 1ms 165Hz HDMI DP,Monitores,440.00
2577821,Monitor Curved MSI 31.5 Optix G32C4 FHD 1ms 165Hz Gaming Display (1500R),Monitores,299.00
3060605,Monitor Gaming 27.0 JVC LT-GN27225U 1ms 165Hz Full HD 2xHDMI DP,Monitores,205.00
2565460,Monitor Gaming Acer 27.0 Nitro XV272 1ms 240Hz Full HD IPS HDMI VGA,Monitores,434.00
2957050,Monitor Gaming AOC 27.0 G2790VX 1ms 144Hz Full HD HDMI DP,Monitores,195.00
2864914,Monitor Gaming Asus IPS LED 23.8 VP249QGR FHD HDMI DP 1ms 144Hz Bivolt,Monitores,205.00
3308721,Monitor Gaming Cooler Master 27 GM27-FQS ARGB QHD 1ms 165Hz HDMI DP,Monitores,355.00
3060629,Monitor Gaming Curved 32.0 JVC LT-GN32525U 1ms 165Hz QHD 2xHDMI DP,Monitores,355.00
2878270,Monitor Gaming Curved Acer 27.0 EI272UR 4ms 144Hz Full HD DP HDMI,Monitores,312.00
2626871,Monitor Gaming Curved Acer 27.0 XZ270 1ms 240Hz Full HD HDMI DP,Monitores,336.00
2878300,Monitor Gaming Curved Acer 31.5 ED323QUR 4ms 144Hz Full HD DP HDMI,Monitores,365.00
2762654,Monitor Gaming Curved HYE 23.8 HY24WCGB 1ms 165Hz Full HD HDMI DP,Monitores,144.00
2762661,Monitor Gaming Curved HYE 27.0 HY27WCGB 1ms 165Hz Full HD HDMI DP,Monitores,155.00
3144688,Monitor Gaming Curved MSI 27.0 Optix G271C Full HD 1ms 165Hz HDMI DP,Monitores,349.00
2463810,Monitor Gaming Curved MSI 27.0 Optix G27C5 1ms 165Hz Full HD (1500R),Monitores,286.00
2674230,Monitor Gaming Curved MSI 27.0 Optix G27CQ4 WQHD 1ms 165Hz WQHD HDMI DP,Monitores,426.00
3317235,Monitor Gaming Curved Mtek 27 M27SFV240C Full HD HDMI DP 1ms 240Hz Bivolt,Monitores,225.00
2667829,Monitor Gaming Curved ViewSonic 27.0 Elite XG270QC 1ms 165Hz QHD HDMI DP,Monitores,399.00
2399188,Monitor Gaming Gigabyte 27.0 Aorus FI27Q 1ms 165Hz QHD LED HDMI DP,Monitores,630.00
3129012,Monitor Gaming MSI 23.8 Optix G241V E2 Full HD 1ms 75Hz HDMI DP Preto,Monitores,177.00
3129029,Monitor Gaming MSI 23.8 Optix G242P Full HD 1ms 144Hz HDMI DP Preto,Monitores,240.00
3275962,Monitor Gaming MSI 27.0 Optix G272 Full HD 1ms 144Hz HDMI DP,Monitores,308.00
2769769,Monitor Gaming Mtek 25.0 M25F165 FHD 1ms 165Hz HDMI DP,Monitores,170.00
2769738,Monitor Gaming Mtek 27.0 M27SF165 FHD 1ms 165Hz HDMI DP,Monitores,180.00
2700595,Monitor Gaming ViewSonic 27.0 Elite XG270 1ms 240Hz Full HD HDMI DP,Monitores,435.00
3314036,Monitor HP 21.5 M22f LED Full HD VGA HDMI Bivolt,Monitores,117.00
3314029,Monitor HP 23.8 M24fw LED Full HD IPS VGA HDMI Bivolt,Monitores,162.00
3314012,Monitor HP 27.0 M27fw LED Full HD IPS VGA HDMI Bivolt,Monitores,191.00
664325,Monitor LG 25.0 25UM58-P Ultra Wide Full HD,Monitores,180.00
3227695,Monitor LG 26.0 26WQ500-B IPS HDR UltraWide FHD 75Hz 5ms 2x HDMI Bivolt,Monitores,195.00
2596013,Monitor LG 27.0 27MK400H-B 2ms 75Hz Full HD HDMI VGA,Monitores,166.00
2747545,Monitor LG 27.0 27QN600-B 75Hz Quad HD IPS HDR10 HDMI DP,Monitores,330.00
3105757,Monitor LG 27.0 27QN880-B Quad-HD IPS HDMI 75Hz com Suporte Ergonômico,Monitores,399.00
1914450,Monitor LG 29 29WN600-W 5ms 75Hz Full HD UltraWide HDR10 HDMI DP,Monitores,285.00
2718712,Monitor LG 31.5 32QN600-B 75Hz Quad HD IPS HDR HDMI DP,Monitores,336.00
3227725,Monitor LG 34.0 34WP500-B IPS UltraWide FHD 75Hz 5ms 2x HDMI Bivolt,Monitores,385.00
3029435,Monitor LG LED 24.0 24MP400-B 5ms 75Hz Full HD IPS HDMI VGA,Monitores,129.00
2718699,Monitor LG LED 27.0 27MK600M-B Full HD IPS HDMI VGA 75Hz Bivolt,Monitores,195.00
2612232,Monitor LG LED 31.5 32GN600-B UltraGear QHD IPS HDMI DP 165Hz Bivolt,Monitores,340.00
2606378,Monitor MSI 23.8 Optix FULL HD G241 Gaming 1ms 144Hz IPS HDMI DP,Monitores,222.00
3129005,Monitor MSI 23.8 Pro MP241X Series Full HD 8ms 75Hz HDMI VGA Preto,Monitores,158.00
2814995,Monitor Mtek 18.5 M19HD HD HDMI VGA,Monitores,82.00
3331088,Monitor Mtek 23.8 MS24SFV75P Full HD HDMI 5ms 75Hz Bivolt,Monitores,105.00
2749631,Monitor Philips 18.5 193V5L V-Line HD LED HDMI VGA 5ms 60Hz,Monitores,97.00
2784724,Monitor Philips 27.0 272V8LA 75Hz Full HD HDMI DP,Monitores,151.00
2784694,Monitor Philips 34.0 343E2 75Hz Wide Full HD HDMI DP,Monitores,295.00
2728544,Monitor Samsung 19.0 LS19A330NHLXZX 60Hz HD HDMI VGA,Monitores,96.50
1112924,Monitor Samsung LED 22 LS22F350FHLX HDMI VGA Preto,Monitores,124.00
3118566,Monitor Smart LG 27.0 27ART10AKPL StanbyMe Touch Full HD HDR HDMI,Monitores,990.00
3068205,Smart Monitor Samsung 24 S24AM506NL M5 14ms 60Hz Full HD HDMI USB Tizen,Monitores,220.00
2532912,Smart Monitor Samsung M5 LED 27 S27AM500NL Smart Hub,Monitores,210.00
2122625,KeyPad Gaming Mtek 70x22cm,Mouse & Mouse Pad,3.50
3078839,Kit Mouse + Mouse Pad + Headset Razer Battle Bundle RZ85-03240100-B3U1,Mouse & Mouse Pad,78.75
3068090,Mouse Aigo BM21 2400DPI com Fio - Preto,Mouse & Mouse Pad,4.90
3068069,Mouse Aigo M300 1600DPI sem Fio - Branco,Mouse & Mouse Pad,14.90
3068076,Mouse Aigo M300 1600DPI sem Fio - Preto,Mouse & Mouse Pad,14.90
3068083,Mouse Aigo M300 1600DPI sem Fio - Rosa,Mouse & Mouse Pad,14.90
3273906,Mouse com Fio Sate A-30 wired optical 1000DPI,Mouse & Mouse Pad,2.50
3273913,Mouse com Fio Sate A-31 wired optical 1000DPI,Mouse & Mouse Pad,2.50
3188446,Mouse com Fio Satechi C1 ST-AWUCMM USB-C Cinza,Mouse & Mouse Pad,22.00
2183220,Mouse Gamer ELG CGMMAY 6 Botões 3200dpi LED 7 Cores + Mouse Pad 3mm,Mouse & Mouse Pad,9.50
2657295,Mouse Gamer ELG Death MGDR Run 7 botões Termoplástico RGB 6400dpi - Preto,Mouse & Mouse Pad,16.90
2657424,Mouse Gamer ELG Flakes Power FLKM001 EPIC RGB 7 botões 4800dpi - Preto,Mouse & Mouse Pad,15.90
2657325,Mouse Gamer ELG Strike Soldier MGSS LED 250Hz 4MS 4800DPI - Preto,Mouse & Mouse Pad,12.90
3161890,Mouse Gamer Glorious MODEL D RGB - Branco (Com Cabo),Mouse & Mouse Pad,54.00
3161883,Mouse Gamer Glorious MODEL D RGB - Preto (Com Cabo),Mouse & Mouse Pad,54.00
3161913,Mouse Gamer Glorious MODEL D- RGB - Branco (Com Cabo),Mouse & Mouse Pad,54.00
3161906,Mouse Gamer Glorious MODEL D- RGB - Preto (Com Cabo),Mouse & Mouse Pad,54.00
3161852,Mouse Gamer Glorious MODEL O RGB - Branco (Com Cabo),Mouse & Mouse Pad,54.00
3161838,Mouse Gamer Glorious MODEL O RGB - Preto (Com Cabo),Mouse & Mouse Pad,54.00
3161937,Mouse Gamer Glorious MODEL O RGB Wireless - Branco,Mouse & Mouse Pad,95.00
3161845,Mouse Gamer Glorious MODEL O- RGB - Branco (Com Cabo),Mouse & Mouse Pad,54.00
3161869,Mouse Gamer Glorious MODEL O- RGB - Preto (Com Cabo),Mouse & Mouse Pad,54.00
3146392,Mouse Gamer Krab Chimera KBGMR50 RGB 24000DPI - Preto (Com Cabo),Mouse & Mouse Pad,20.50
3146415,Mouse Gamer Krab Dual Shadow KBGMD30 RGB 10000DPI Wireless USB - Preto,Mouse & Mouse Pad,20.50
3146408,Mouse Gamer Krab Specter KBGMR20 RGB 10000DPI - Preto (Com Cabo),Mouse & Mouse Pad,12.50
2886817,Mouse Gamer T-Dagger T-TGM203 Warrant Officer RGB 4800 DPI com Fio,Mouse & Mouse Pad,13.75
2886985,Mouse Gamer T-Dagger T-TGM205 Senior RGB 4800 DPI com Fio,Mouse & Mouse Pad,13.75
3125120,Mouse Gamer T-Dagger T-TGM206W Beifadier RGB (Com Fio),Mouse & Mouse Pad,13.90
2886992,Mouse Gamer T-Dagger T-TGM301 Lieutenant RGB 8000 DPI com Fio,Mouse & Mouse Pad,15.90
3125137,Mouse Gamer T-Dagger T-TGM302 Captain RGB (Com Fio),Mouse & Mouse Pad,16.90
2886800,Mouse Gamer Wireless T-Dagger T-TGM101 Aircraftman RGB 2400 DPI,Mouse & Mouse Pad,12.75
3010198,Mouse Gaming com Fio EVGA X17 16000DPI FPS (903-W1-17BK-KR),Mouse & Mouse Pad,21.90
3010181,Mouse Gaming com Fio EVGA X17 16000DPI FPS (903-W1-17GR-KR),Mouse & Mouse Pad,21.90
2957081,Mouse Gaming com Fio MSI Clutch GM60 RGB 10.800 DPI Preto,Mouse & Mouse Pad,50.00
1893588,Mouse Gaming Logitech G502 Hero com Fio 910-005550 USB Preto,Mouse & Mouse Pad,42.50
2540146,Mouse Gaming Logitech G600 com Fio (200-8200 DPI) Preto,Mouse & Mouse Pad,45.00
153119,Mouse Gaming Logitech Wireless G305 LIGHTSPEED (910-006013) Azul,Mouse & Mouse Pad,31.90
2851037,Mouse Gaming Mox MO-ME210 (Com fio),Mouse & Mouse Pad,9.50
3263266,Mouse Gaming Moxom Fury LED MX-MS11 6.400 DPI (Com Fio),Mouse & Mouse Pad,13.00
2002828,Mouse Gaming Rapoo V16 Pro VPro com Fio - Preto,Mouse & Mouse Pad,8.75
2002835,Mouse Gaming Rapoo V210 VPro com Fio - Preto,Mouse & Mouse Pad,14.90
2002743,Mouse Gaming Rapoo V310 VPro com Fio - Preto,Mouse & Mouse Pad,24.90
2442174,Mouse Gaming Razer Deathadder V2 Mini RZ01-03340100-R3U1 com Fio,Mouse & Mouse Pad,33.75
2442167,Mouse Gaming Razer Deathadder V2 RZ01-03210100-R3U1 com Fio,Mouse & Mouse Pad,45.50
2930497,Mouse Gaming Razer Orochi V2 Bluetooth (Sem fio),Mouse & Mouse Pad,64.50
2305608,Mouse Gaming Redragon Blade M692 sem Fio Preto Vermelho,Mouse & Mouse Pad,15.90
2639895,Mouse Gaming Redragon Cobra - RGB com fio M711W - Branco,Mouse & Mouse Pad,20.90
2394558,Mouse Gaming Redragon Gainer M610 com Fio - Preto,Mouse & Mouse Pad,10.90
2305646,Mouse Gaming Redragon Griffin M607 com Fio Preto Vermelho,Mouse & Mouse Pad,13.90
2764931,Mouse Gaming Redragon Griffin M607W RGB (Com Fio),Mouse & Mouse Pad,14.90
2436173,Mouse Gaming Redragon Inquisitor 2-RGB com fio M716A - Preto,Mouse & Mouse Pad,16.90
2305653,Mouse Gaming Redragon Invader M719-RGB com Fio Preto,Mouse & Mouse Pad,17.90
2394602,Mouse Gaming Redragon Lonewolf2 M721Pro com Fio - Preto,Mouse & Mouse Pad,21.90
3329313,Chromebook Acer C722-K4CN MKT MT8183 4GB 32GB eMMC 11.6 HD ChromeOS,Notebook,153.00
3330913,Chromebook Acer C722-K4CN MKT MT8183 4GB 32GB eMMC 11.6 HD ChromeOS (caixa feia,Notebook,153.00
3270851,Chromebook Acer CB311-11H-K04N MKT MT8183 4GB 32GB eMMC 11.6 HD ChromeOS,Notebook,153.00
3342343,ChromeBook HP 11A G8 Education Edition A4 1.6GHz 4GB 321GB eMMC 11.6 HD Chrome,Notebook,139.90
3125793,ChromeBook HP 11A G8 Education Edition AMD A4 1.60GHz 4GB 16GB eMMC 11.6 HD Chr,Notebook,139.90
3271247,ChromeBook Lenovo IdeaPad 3 CB 14IGL05 Intel N4020 4GB 64GB eMMC 14.0 HD Chrome,Notebook,160.00
3085233,ChromeBook Samsung XE310XBA-KA1US Celeron 1.10GHz 4GB 32GB 11.6 HD Chrome OS,Notebook,165.00
3129685,Notebook Acer A114-33-C6W2 Intel N4500 4GB 64GB eMMC 14.0 HD W11,Notebook,204.00
3304587,Notebook Acer A314-35-C3KD Intel Celeron N4500 4GB 128GB SSD 14.0 HD W11 Espanh,Notebook,263.00
3348314,Notebook Acer A314-35-C8JY Intel Celeron N4500 4GB 500GB HDD 14.0 HD W11,Notebook,265.00
3305478,Notebook Asus F515JA-AH31 Intel i3-1005G1 4GB 128GB SSD 15.6 FHD W10,Notebook,350.00
3317693,Notebook Asus FA507RE-A15.R73050T R7-6800H 8GB 512GB SSD RTX 3050 Ti 4GB 15.6 F,Notebook,865.00
3256060,Notebook Asus FX506LH-AS51 i5-10300H 8GB 512GB SSD GTX 1650 4GB 15.6 FHD W11,Notebook,750.00
3297025,Notebook Asus FX706HCB-ES51 i5-11400H 8GB 512GB SSD RTX 3050 4GB 17.3 FHD W11,Notebook,855.00
2705323,Notebook Asus L510MA-WB04 Intel Celeron N4020 4GB 128GB eMMC 15.6 FHD W10,Notebook,248.00
3272749,Notebook Asus L510MA-WB04 Intel Celeron N4020 4GB 128GB eMMC 15.6 FHD W10 (caix,Notebook,248.00
3306710,Notebook Asus M1603QA-R7512 AMD Ryzen 7 5800H 16GB 512GB SSD 16.0 WUXGA W11,Notebook,688.00
3269558,Notebook Asus R410MA-212.BK128 Intel Celeron N4020 4GB 128GB eMMC 14.0 HD W10,Notebook,192.00
3290569,Notebook Asus R565EA-US51T Intel i5-1135G7 8GB 256GB SSD 15.6 Touch FHD W11,Notebook,500.00
3306727,Notebook Asus ROG G513QY-SG15 R9 16GB 512GB SSD RX 6800M 12GB 15.6 WQHD W11,Notebook,"1,368.00"
2843445,Notebook Asus UX325EA-DS51 Intel i5 de 11a 8GB 256GB SSD 13.3 FHD W10 + Estojo,Notebook,885.00
3082225,Notebook Asus VivoBook X712JA-212.V17WN-11 Intel i5-1035G1 12GB 1TB HDD 17.3 HD,Notebook,430.00
3033913,Notebook Asus X515JA-212.V15BB Intel i3 de 10a 8GB 256GB SSD 15.6 HD W10,Notebook,385.00
3082157,Notebook Asus ZenBook UX482EA-DS71T Intel i7-1165G7 8GB 512GB SSD 14.0 Touch FH,Notebook,"1,575.00"
3082140,Notebook Asus ZenBook UX482EAR-EB51T Intel i5-1155G7 8GB 512GB SSD 14.0 Touch F,Notebook,"1,215.00"
3056332,Notebook Chuwi CoreBook Pro Intel Core i3-6157U 8GB 256GB SSD 13.3 HD W10,Notebook,412.00
3223871,Notebook Dell 15 i3515-A706BLK AMD Ryzen 5 3450U 8GB 256GB SSD 15.6 HD W11,Notebook,420.00
2755144,Notebook Dell 3000-3505 AMD Ryzen 7 3700U 8GB 512GB SSD 15.6 FHD W10,Notebook,625.00
3293416,Notebook Dell G5 15 5511 Intel i7-11800H 8GB 512GB SSD RTX 3050 4GB 15.6 FHD W1,Notebook,"1,105.00"
3191316,Notebook Dell G5520-7938GRE Intel i7-12700H 16GB 512GB SSD RTX 3060 6GB 15.6 FH,Notebook,"1,425.00"
3306758,Notebook Dell i3511-5829BLK i5-1135G7 8GB 256GB SSD 15.6 FHD W11,Notebook,467.00
3137307,Notebook Dell Inspiron 13 i5310-5682SLV Intel i5-11320H 16GB 512GB SSD 13.3 FHD,Notebook,650.00
2938448,Notebook Dell Inspiron 15 3000-3511 Intel i7 de 11a 12GB 512GB SSD 15.6 FHD W10,Notebook,880.00
2612430,Notebook Dell Inspiron 15 3501 com Intel i5-1135G7 2.4GHz de 11a 8GB 256GB SSD 1,Notebook,499.00
3132050,Notebook Dynabook Tecra A-30-PSZ20U-2DM01P Celeron 5205U 4GB 128GB 13.3 FHD W10,Notebook,195.00
2692913,Notebook EVOO EV-C-116-7BL Intel Celeron N4000 4GB 64GB eMMC 11.6 HD W10,Notebook,159.75
2715995,Notebook EVOO EVC141-12SL AMD Ryzen 5 3500U 8GB 256GB SSD 14.1 FHD W10,Notebook,425.00
2445359,Notebook Gaming Asus G512LI-BI7N10 i7 de 10a 8GB 512GB SSD GTX 1650 Ti 4GB 15.6,Notebook,"1,115.00"
2960029,Notebook Gaming Asus GU603HE-211.ZM16 i7 16GB 512GB SSD RTX 3050 Ti 4GB 16.0 WU,Notebook,"1,298.00"
3026366,Notebook Gaming Dell G15RE-A951GRY AMD R5 5600H 8GB 512GB SSD RTX 3050 4GB 15.6,Notebook,767.00
3083444,Notebook Gaming Dell G5 15 5515 AMD R5 5600H 8GB 256GB SSD RTX 3050 4GB 15.6 FH,Notebook,880.00
3289303,Notebook Gaming HP 15-fa0025nr Intel i5-12500H 8GB 512SSD RTX3050 4GB 15.6 FHD,Notebook,765.00
3275825,Notebook Gaming HP 15-fa0032dx Intel i7-12650H 16GB 512SSD RTX3050 Ti 4GB 15.6,Notebook,970.00
3060780,Notebook Gaming HP 16-d0023dx Intel Core i5-11400H 8GB 256SSD RTX3050 4GB 16.1,Notebook,760.00
3067888,Notebook Gaming MSI 15 A12UE-605US i7 de 12a 16GB 1TB SSD RTX3060 6GB 15.6 FHD,Notebook,"1,212.00"
3067864,Notebook Gaming MSI 15M A11UEKV-009US i7 de 11a 16GB 512GB SSD RTX3060 6GB 15.6,Notebook,"1,425.00"
3081877,Notebook Gaming MSI A11MU-653US Intel i7-1195G7 8GB 512GB SSD 15.6 FHD W10,Notebook,670.00
3083475,Notebook Gaming MSI B10MW-014US Intel i5-10210U 8GB 256GB SSD 14.0 FHD W10 Pro,Notebook,578.00
3284292,Notebook Gaming XPG Xenia 15 Intel i7 de 9° 16GB 512GB GTX 1660 Ti 6GB 15.6 FH,Notebook,"1,110.00"
3070352,Notebook Gateway GWNR71517-BK AMD Ryzen 7 3700U 8GB 512GB SSD 15.6 FHD W11,Notebook,378.00
3070369,Notebook Gateway GWNR71517-BK AMD Ryzen 7 3700U 8GB 512GB SSD 15.6 FHD W11,Notebook,365.00
3033081,Notebook Gateway GWTN116-3BK Intel Celeron N4020 4GB 64GB eMMC 11.6 HD W10,Notebook,175.00
3033098,Notebook Gateway GWTN116-3BL Intel Celeron N4020 4GB 64GB eMMC 11.6 HD W10,Notebook,175.00
3033104,Notebook Gateway GWTN116-3GR Intel Celeron N4020 4GB 64GB eMMC 11.6 HD W10,Notebook,175.00
3033111,Notebook Gateway GWTN116-3RD Intel Celeron N4020 4GB 64GB eMMC 11.6 HD W10,Notebook,175.00
2859408,Notebook Gateway GWTN141-3BK Intel i3 de 10a 4GB 128GB SSD 14.1 FHD W10,Notebook,305.00
2859385,Notebook Gateway GWTN141-5BK Intel Celeron N4020 4GB 64GB eMMC 14.1 FHD W10,Notebook,183.00
2859361,Notebook Gateway GWTN141-6BK Intel i3 de 11a 4GB 128GB SSD 14.1 FHD W10,Notebook,335.00
3102992,Notebook Gateway GWTN141-6BK Intel i3 de 11a 4GB 128GB SSD 14.1 FHD W10,Notebook,345.00
2959870,Notebook Gateway GWTN156-11MC-GR Intel Pentium N5030 4GB 128GB eMMC 15.6 FHD W1,Notebook,228.00
2959894,Notebook Gateway GWTN156-11RD Intel Pentium N5030 4GB 128GB eMMC 15.6 FHD W10,Notebook,228.00
3031384,Notebook Gateway GWTN156-12BK AMD Ryzen 3 3250U 4GB 128GB SSD 15.6 FHD W10,Notebook,270.00
3322741,Notebook Gigabyte Aero 5 XE4-73US614SH i7 12a 16GB 1TB SSD RTX3070 Ti 8GB 15.6,Notebook,"1,590.00"
3322758,Notebook Gigabyte Aorus 5 SE4-73US513SH i7 12a 16GB 512GB SSD RTX3070 8GB 15.6,Notebook,"1,490.00"
3333884,Notebook Gigabyte G5 MD-51US113SO i5-11400 8GB 512GB SSD RTX3050 Ti 4GB 15.6 FH,Notebook,758.00
3040010,Notebook Gigabyte KD-72US223SH i7 11a 16GB 512GB SSD RTX3060 6GB 15.6 FHD W10,Notebook,"1,490.00"
3144695,Notebook Lenovo 100E 2ND Gen Intel Celeron N4020 4GB 64GB eMMC 11.6 HD W10,Notebook,139.90
2670775,Notebook Lenovo 14ARE05 AMD R7 4700U 2.0Ghz 8GB 256GB SSD 14.0 FHD W10,Notebook,640.00
2592497,Notebook Lenovo 14w AMD A6-9220C 1.8Ghz 4GB 64GB eMMC 14.0 FHD W10,Notebook,199.00
2662794,Notebook Lenovo 15ADA05 AMD R5 3500U 2.1Ghz 8GB 256GB SSD 15.6 FHD W10,Notebook,485.00
2787565,Notebook Lenovo 5 15IMH05H Intel Core i7 de 10a 8GB 512GB GTX1660 Ti 6GB 15.6 F,Notebook,"1,110.00"
3305553,Notebook Lenovo IdeaPad 1 15ALC75 AMD R7 5700U 12GB 512GB SSD 15.6 Touch FHD W1,Notebook,638.00
3275801,Notebook Lenovo IdeaPad 15ITL05 Intel I7-1165G7 12GB 512GB SSD 15.6 Touch FHD W,Notebook,744.00
3034163,Notebook Lenovo IdeaPad 3 14IGL05 Intel Pentium N5030 4GB 128GB SSD 14.0 HD W10,Notebook,260.00
3025703,Notebook Lenovo IdeaPad 3 14IIL05 Intel i3 de 10a 4GB 128GB SSD 14.0 FHD W10,Notebook,338.00
3259627,Notebook Lenovo IdeaPad 3 15ACH6 AMD R5 5600H 8GB 256GB SSD GTX 1650 4GB 15.6 F,Notebook,665.00
3081907,Notebook MSI 15 A11UDK-1099US i7 de 11a 8GB 512GB SSD RTX3050 Ti 4GB 15.6 FHD W,Notebook,"1,035.00"
3139370,Notebook MSI A11MU-652US Intel i7-1195G7 8GB 1TB SSD 15.6 FHD W10,Notebook,700.00
2707518,Notebook MSI B10MW-486US i3 de 10a 8GB 128GB SSD 14.0 FHD W10,Notebook,380.00
2944517,Notebook MSI GF63 Thin 10SCXR-222US i5 de 10a 8GB 256GB SSD GTX1650 4GB 15.6 FH,Notebook,558.00
3180440,Notebook MSI GF63 Thin 10UC-439US i7-10750H 8GB 512GB SSD RTX3050 4GB 15.6 FHD,Notebook,895.00
2597591,Notebook MSI GF65 Thin 10UE-071US i7 de 10a 16GB 512GB SSD RTX3060 6GB 15.6 FHD,Notebook,"1,220.00"
2597546,Notebook MSI GF65 Thin 10UE-092US i7 de 10a 8GB 512GB SSD RTX3060 6GB 15.6 FHD,Notebook,"1,175.00"
3139363,Notebook MSI GF66 11UE-260US i7-11800H 16GB 512GB SSD RTX3060 6GB 15.6 FHD W10,Notebook,"1,255.00"
3058138,Notebook MSI Modern 14-B10MW-641US i3-10110U 4GB 128GB SSD 14.0 FHD W10 Pro,Notebook,328.00
3033241,Notebook MSI Modern 15 A11M-004US i7 de 11a 16GB 512GB SSD 15.6 FHD W10,Notebook,763.00
3293317,Notebook MSI Modern 15-A10M-499US Intel i5-10210U 8GB 512GB SSD 15.6 FHD W10,Notebook,558.00
2854151,Notebook Samsung Galaxy Book Pro NP930XDB-KD1US i7 de 11a 8GB 512GB 13.3 FHD W1,Notebook,795.00
2882604,Notebook Samsung Galaxy Book Pro NP950XDB-KB2US i5 de 11a 8GB 512GB 15.6 FHD W1,Notebook,812.00
3284896,Notebook Samsung Galaxy NP930XDB-KD2US i5-1135G7 8GB 256GB 13.3 FHD W10,Notebook,725.00
2911656,Mini PC Intel NUC10I3FNHN1 Intel i3 de 10a 2xDDR4 1x 2.5 M.2 HDMI WiFi Bluetoot,PC,336.00
3200223,Mini PC Intel NUC10i3FNHN5 i3-10110U 2x DDR4 M.2 HDMI WiFi Bluetooth USB,PC,329.00
3275894,Mini PC Intel NUC10I5FNHN i5-10210U 2x DDR4 M.2 HDMI WiFi Bluetooth USB,PC,429.00
3144633,Mini PC Intel NUC10I7FNHN1 i7-10710U 2x DDR4 M.2 HDMI WiFi Bluetooth USB,PC,640.00
3306215,Mini PC Intel NUC11TNH i3-1115G4 2x DDR4 M.2 HDMI WiFi Bluetooth USB,PC,345.00
3015537,Mini PC Intel NUC11TNHi3 i3-1115G4 2xDDR4 1x 2.5 M.2 HDMI WiFi Bluetooth SD,PC,360.00
2749679,Mini PC Intel NUC7CJYHN Celeron J4005 2xDDR4 1x 2.5 HDMI WiFi Bluetooth SD,PC,141.00
3052693,Mini PC Intel NUC8CCHKRN2 N3350U 4GB DDR4 64GB eMMC HDMI WiFi Bluetooth SD,PC,243.00
3127940,Mini PC Intel NUC9I5QNX i5-9300H 2x DDR4 3x M.2 1x PCIe HDMI WiFi Bluetooth USB,PC,497.00
3140215,Placa de Vídeo Afox GeForce GT1030 2GB GDDR5 HDMI DVI PCI-E (AF1030-2048D5L5-V2,Placa de Vídeo,97.75
3140116,Placa de Vídeo Afox GeForce GT1030 2GB GDDR5 HDMI DVI PCI-E (AF1030-2048D5L7),Placa de Vídeo,98.75
3140093,Placa de Vídeo Afox GeForce GT240 1GB DDR3 HDMI DVI VGA PCI-E (AF240-1024D3L2),Placa de Vídeo,35.75
3140024,Placa de Vídeo Afox GeForce GT420 1GB DDR3 HDMI DVI VGA PCI-E (AF420-1024D3L5),Placa de Vídeo,49.75
3139905,Placa de Vídeo Afox GeForce GT420 2GB DDR3 HDMI DVI VGA PCI-E (AF420-2048D3L2),Placa de Vídeo,56.75
3139875,Placa de Vídeo Afox GeForce GT610 1GB DDR3 HDMI DVI VGA PCI-E (AF610-1024D4L5),Placa de Vídeo,35.75
3140123,Placa de Vídeo Afox GeForce GT730 1GB DDR3 HDMI DVI VGA PCI-E (AF730-1024D3L3-V,Placa de Vídeo,49.75
3140109,Placa de Vídeo Afox GeForce GT730 1GB DDR3 HDMI DVI VGA PCI-E (AF730-1024D3L7-V,Placa de Vídeo,49.75
3140031,Placa de Vídeo Afox GeForce GT730 2GB DDR3 HDMI DVI VGA PCI-E (AF730-2048D3L3-V,Placa de Vídeo,59.90
3140130,Placa de Vídeo Afox GeForce GT730 4GB GDDR5 HDMI DVI VGA PCI-E (AF730-4096D5L5),Placa de Vídeo,128.75
3140055,Placa de Vídeo Afox GeForce GT740 2GB GDDR5 HDMI DVI VGA PCI-E (AF740-2048D5H3),Placa de Vídeo,114.75
2436913,Placa de Vídeo Afox Radeon HD5450 1GB DDR3 HDMI DVI VGA PCI-E (AF5450-1024D3L9-,Placa de Vídeo,31.75
3140017,Placa de Vídeo Afox Radeon HD5450 2GB DDR3 HDMI DVI VGA PCI-E (AF5450-2048D3L5-,Placa de Vídeo,38.50
3140239,Placa de Vídeo Afox Radeon HD6450 2GB DDR3 HDMI DVI VGA PCI-E (AF6450-2048D3L9-,Placa de Vídeo,40.75
3140086,Placa de Vídeo Afox Radeon R5 230 1GB DDR3 HDMI DVI VGA PCI-E (AFR5230-1024D3L9,Placa de Vídeo,34.75
3140079,Placa de Vídeo Afox Radeon R5 230 2GB DDR3 HDMI DVI VGA PCI-E (AFR5230-2048D3L9,Placa de Vídeo,39.75
3274972,Placa de Vídeo Afox Radeon R5-220 2GB DDR3 VGA DVI HDMI,Placa de Vídeo,38.25
3256695,Placa de Vídeo AMD Radeon HD7670 1GB DDR5 VGA DVI HDMI,Placa de Vídeo,39.70
3256718,Placa de Vídeo AMD Radeon R7-350 2GB DDR5 VGA DVI HDMI,Placa de Vídeo,59.70
3141205,Placa de Vídeo Arktek GeForce GT420 Cyclops 2GB 128bit DDR3 HDMI DVI-D VGA (AKN,Placa de Vídeo,51.75
3141243,Placa de Vídeo Arktek GeForce GT610 Cyclops 1GB 64bit DDR3 HDMI DVI-D VGA (AKN6,Placa de Vídeo,35.75
3141229,Placa de Vídeo Arktek GeForce GT610 Cyclops 2GB 64bit DDR3 HDMI DVI-D VGA (AKN6,Placa de Vídeo,39.75
3141489,Placa de Vídeo Arktek GeForce GT730 Cyclops 1GB 128bit DDR3 HDMI DVI-D VGA (AKN,Placa de Vídeo,47.75
3141199,Placa de Vídeo Arktek GeForce GT730 Cyclops 2GB 128bit DDR3 HDMI DVI-D VGA (AKN,Placa de Vídeo,59.75
3141236,Placa de Vídeo Arktek GeForce GT740 Cyclops 2GB 128bit GDDR5 HDMI DVI-D VGA (AK,Placa de Vídeo,97.50
2436968,Placa de Vídeo Arktek Radeon R5 230 Cyclops 1GB 64bit GDDR3 HDMI DVI-D VGA (AKR,Placa de Vídeo,35.75
2437057,Placa de Vídeo Arktek Radeon R5 230 Cyclops 2GB 64bit GDDR3 HDMI DVI-D VGA (AKR,Placa de Vídeo,39.75
2975092,Placa de Vídeo ASRock Radeon RX 6500 XT OC 4GB GDDR6 PCI-E DP HDMI,Placa de Vídeo,270.00
2895215,Placa de Vídeo ASRock Radeon RX 6600 XT Challenger Pro 8GB GDDR6 PCI-E DP HDMI,Placa de Vídeo,515.00
3042892,Placa de Vídeo Asus KO GeForce RTX 3070 V2 OC 8GB GDDR6 90YV0FQF-M0NA00 (LHR),Placa de Vídeo,705.00
3311592,Placa de Vídeo Asus Radeon RX 6700 XT Dual OC 12GB GDDR6 (90YV0G83-M0NA00),Placa de Vídeo,650.00
3042885,Placa de Vídeo Asus Tuf Gaming GeForce GTX 1660Ti Evo OC 6GB GDDR6 (90YV0CT7-M0,Placa de Vídeo,395.00
3140673,Placa de Video Colorful GeForce GT1030 2GB GDDR5 HDMI VGA (GT1030 2G V4-V),Placa de Vídeo,97.75
3140604,Placa de Vídeo Colorful GeForce GT730 2GB GDDR3 HDMI DVI-D VGA (GT730K 2GD3-V),Placa de Vídeo,74.75
3252529,Placa de Vídeo EVGA GeForce GTX1650 SUPER SC Ultra 4GB GDDR6 (04G-P4-1357-KR),Placa de Vídeo,242.75
2963389,Placa de Vídeo EVGA GeForce RTX 3070 FTW3 Ultra 8GB GDDR6 08G-P5-3767-KL (LHR),Placa de Vídeo,695.00
3252574,Placa de Vídeo EVGA GeForce RTX2060 SC Gaming 6GB GDDR6 (06G-P4-2062-KR),Placa de Vídeo,415.00
3011652,Placa de Vídeo Gigabyte GeForce RTX 3070 Gaming OC 8GB GDDR6 GV-N3070GAMING OC-,Placa de Vídeo,895.00
2873183,Placa de Vídeo Go Line AMD Radeon R5 230 1GB DDR3 (GL-R5-230-2GB-DDR3),Placa de Vídeo,34.50
3118634,Placa De Vídeo Goline GeForce GT210 1GB DDR2 (GL-GT210-1D2),Placa de Vídeo,26.75
3118658,Placa de Vídeo GOLINE GeForce GT220 1GB DDR3 PCI-E VGA HDMI DVI-D (GL-220-1GB),Placa de Vídeo,29.75
990479,Placa de Vídeo GoLine Nvidia GT210 1GB DDR3 PCI-E VGA HDMI DVI-D,Placa de Vídeo,28.50
2873138,Placa de Vídeo GoLine Nvidia GT730 2GB DDR3 PCI-E VGA HDMI DVI-D,Placa de Vídeo,51.75
3011195,Placa de Vídeo GoLine Radeon R5 230 2GB DDR3 (GL-R5-230-2GB DDR3),Placa de Vídeo,39.75
3140574,Placa de Vídeo iGame GeForce RTX 3060 Ti Advanced OC 8GB GDDR6 (LHR-V),Placa de Vídeo,759.00
3140581,Placa de Video iGame GeForce RTX3050 NB EX-V 8GB GDDR6 DP HDMI,Placa de Vídeo,385.00
3140598,Placa de Vídeo iGame GeForce RTX3050 Ultra W OC 8GB GDDR6 DP HDMI,Placa de Vídeo,405.00
2732794,Placa de Vídeo MSI GeForce GT 730 OC 4GB DDR3 PCI-E VGA HDMI DVI-D,Placa de Vídeo,110.00
1507416,Placa de Vídeo MSI GeForce GT730 OC 2GB DDR3 VGA HDMI DVI-D,Placa de Vídeo,87.75
2269931,Placa de Vídeo MSI GeForce N210 1GB DDR3 PCI-E VGA HDMI DVI-D,Placa de Vídeo,38.00
3311622,Placa de Vídeo MSI GeForce RTX 2060 Ventus OC 12GB GDDR6 (912-V375-684),Placa de Vídeo,425.00
955171,Placa de vídeo MSI Nvidia GeForce 210 VGA DVI HDMI 1GB DDR3 PCI-E,Placa de Vídeo,39.50
3186367,Placa de Vídeo MSI Radeon RX 6650 XT Gaming X 8GB GDDR6 (912-V502-061),Placa de Vídeo,493.00
3311615,Placa de Vídeo MSI Radeon RX 6750 XT Mech 2X OC 12GB GDDR6 (912-V399-002),Placa de Vídeo,490.00
3256671,Placa de Vídeo NVIDIA GeForce GT210 1GB DDR3 DVI HDMI,Placa de Vídeo,26.80
3256688,Placa de Vídeo NVIDIA GeForce GT730 4GB DDR3 VGA DVI HDMI,Placa de Vídeo,65.70
3256664,Placa de Vídeo NVIDIA GeForce GT740 2GB DDR5 VGA DVI HDMI,Placa de Vídeo,59.70
3038031,Placa de Vídeo Palit GeForce GTX 1660 Super GP 6GB GDDR6 NE6166S018J9-1160A-1,Placa de Vídeo,323.00
3043929,Placa de Vídeo Palit GeForce RTX 3070 GamingPro 8GB GDDR6X (NE63070019P2-1041A),Placa de Vídeo,620.00
3043899,Placa de Vídeo Palit GeForce RTX 3090 GamingPro OC 24GB GDDR6X (NED3090S19SB-13,Placa de Vídeo,"1,450.00"
3278123,Placa de Vídeo Star NVIDIA GeForce GT730 4GB DDR3 VGA DVI HDMI,Placa de Vídeo,75.70
3249444,Placa Mãe ASRock A520M PRO4 AM4 4xDDR4 PCI-E HDMI DP USB SATA,Placa Mãe,81.00
3143711,Placa Mãe ASRock B450 Steel Legend AM4 4xDDR4 PCI-E HDMI DP USB SATA,Placa Mãe,122.90
2642970,Placa Mãe ASRock B550 Phantom Gaming 4 AM4 4xDDR4 PCI-E HDMI M.2 USB,Placa Mãe,129.00
3055533,Placa Mãe ASRock B550 Phantom Gaming-ITX AX LGA 1200 2xDDR4 HDMI DP USB,Placa Mãe,215.00
3055564,Placa Mãe ASRock B550 STEEL LEGEND AM4 4xDDR4 HDMI DP USB,Placa Mãe,189.00
3205204,Placa Mãe ASRock B550M Steel Legend AM4 4xDDR4 PCI-E HDMI DP USB SATA,Placa Mãe,133.00
3171455,Placa Mãe ASRock B550M-HDV AM4 2xDDR4 PCI-E HDMI DVI-D USB SATA,Placa Mãe,87.50
3143681,Placa Mãe ASRock B560 Pro4 LGA1200 4xDDR4 PCI-E HDMI DP USB SATA,Placa Mãe,130.50
3204412,Placa Mãe ASRock B660M-HDV LGA1200 2xDDR4 PCI-E HDMI DP VGA USB SATA,Placa Mãe,87.00
989688,Placa Mãe ASRock D1800M Intel J1800 x2 DDR3 VGA DVI,Placa Mãe,64.90
3033906,Placa Mãe ASRock H370M-HDV LGA1151 2xDDR4 PCI-E HDMI DVI-D VGA,Placa Mãe,63.00
3204290,Placa Mãe ASRock H470M-HVS LGA1200 2xDDR4 PCI-E HDMI VGA USB SATA,Placa Mãe,61.00
3029749,Placa Mãe ASRock H510M-HDV R2.0 LGA1200 2xDDR4 PCI-E HDMI DVI-D VGA,Placa Mãe,79.25
3143698,Placa Mãe ASRock H610M-HDV LGA1700 2xDDR4 PCI-E HDMI DP VGA SATA,Placa Mãe,83.00
2074757,Placa Mãe ASRock X570 Phantom Gaming 4 AM4 4xDDR4 PCI-E HDMI DP USB,Placa Mãe,174.00
2311142,Placa Mãe ASRock X570 Steel Legend AM4 4xDDR4 PCI-E HDMI DP USB-C,Placa Mãe,238.00
3143704,Placa Mãe ASRock Z690 PG RipTide LGA1700 4xDDR4 PCI-E HDMI USB SATA,Placa Mãe,230.00
3336632,Placa Mãe ASRock Z790 PG Lightning D4 LGA1700 4xDDR4 PCI-E HDMI USB-C SATA,Placa Mãe,229.00
3336649,Placa Mãe ASRock Z790M PG Lightning D4 LGA1700 4xDDR4 PCI-E HDMI USB-C SATA,Placa Mãe,205.00
3324592,Placa Mãe Asus EX-B660M-V5 D4 LGA1700 2xDDR4 PCI-E M.2 HDMI VGA SATA,Placa Mãe,113.00
1198423,Placa Mãe Asus Prime A320M-K AM4 2xDDR4 VGA HDMI USB SATA,Placa Mãe,67.00
2551234,Placa Mãe ASUS Prime B450M-AII AM4 4xDDR4 PCI-E VGA DVI-D HDMI SATA,Placa Mãe,104.00
2740430,Placa Mãe Asus Prime B560-A LGA1200 4xDDR4 PCI-E M.2 HDMI DP USB-C,Placa Mãe,105.50
3124116,Placa Mãe Asus Prime B660M-A D4 LGA1700 4xDDR4 PCI-E M.2 HDMI DP SATA,Placa Mãe,142.00
3324561,Placa Mãe Asus Prime B660M-A D4 WiFi LGA1700 4xDDR4 PCI-E M.2 HDMI DP SATA,Placa Mãe,157.00
2458243,Placa Mãe Asus Prime H410M-K LGA1200 2xDDR4 PCI-E DVI-D VGA USB SATA,Placa Mãe,81.50
3106556,Placa Mãe Asus Prime H410M-K R2.0 LGA1200 2xDDR4 PCI-E M.2 HDMI DVI-D SATA,Placa Mãe,82.00
2740713,Placa Mãe Asus Prime H510M-A LGA1200 2xDDR4 PCI-E M.2 HDMI VGA DP,Placa Mãe,91.50
3324554,Placa Mãe Asus Prime H510M-A WiFi LGA1200 2xDDR4 PCI-E M.2 HDMI DP VGA,Placa Mãe,100.00
2740706,Placa Mãe Asus Prime H510M-E LGA1200 2xDDR4 PCI-E M.2 HDMI DP VGA,Placa Mãe,82.00
2860480,Placa Mãe Asus Prime H510M-K LGA1200 2xDDR4 PCI-E M.2 HDMI VGA USB SATA,Placa Mãe,85.00
3198001,Placa Mãe Asus Prime H610M-A D4 LGA1700 2xDDR4 PCI-E M.2 HDMI DP SATA,Placa Mãe,99.50
3106594,Placa Mãe Asus Prime H610M-D D4 LGA1700 2xDDR4 PCI-E M.2 HDMI VGA SATA,Placa Mãe,85.00
3106600,Placa Mãe Asus Prime H610M-E D4 LGA1700 2xDDR4 PCI-E M.2 HDMI VGA DP SATA,Placa Mãe,85.00
3106617,Placa Mãe Asus Prime H610M-K D4 LGA1700 2xDDR4 PCI-E M.2 HDMI VGA SATA,Placa Mãe,85.00
3324608,Placa Mãe Asus Prime H670-Plus D4 LGA1700 4xDDR4 PCI-E M.2 HDMI DP SATA,Placa Mãe,151.00
2088532,Placa Mãe ASUS Prime X570-Pro AM4 4xDDR4 PCI-E M.2 DP HDMI SATA,Placa Mãe,296.00
3249390,Placa Mãe Asus Prime Z590-A LGA1200 4xDDR4 PCI-E M.2 HDMI DP SATA,Placa Mãe,204.00
2901534,Placa Mãe Asus Prime Z690-P D4 LGA1700 4xDDR4 PCI-E M.2 HDMI DP USB SATA,Placa Mãe,214.00
2901527,Placa Mãe Asus Prime Z690-P LGA1700 4xDDR5 PCI-E M.2 HDMI DP USB SATA,Placa Mãe,226.00
2901541,Placa Mãe Asus Prime Z690-P WIFI D4 LGA1700 4xDDR4 PCI-E M.2 HDMI DP USB SATA,Placa Mãe,235.00
3005347,Placa Mãe Asus Prime Z690-P WIFI LGA1700 4xDDR5 PCI-E M.2 HDMI DP USB SATA,Placa Mãe,247.00
2901558,Placa Mãe Asus Prime Z690M-Plus D4 LGA1700 4xDDR4 PCI-E M.2 HDMI DP USB,Placa Mãe,203.00
3197950,Placa Mãe Asus ProArt B660-CREATOR D4 LGA1700 4xDDR4 PCI-E M.2 HDMI DP SATA,Placa Mãe,235.00
2667348,Placa Mãe Asus ROG STRIX Z590-A Gaming WiFi LGA1200 4xDDR4 PCI-E HDMI DP USB-C,Placa Mãe,237.00
2712161,Placa Mãe Asus ROG STRIX Z590-E Gaming WiFi LGA1200 4xDDR4 PCI-E HDMI DP USB-C,Placa Mãe,270.00
2740478,Placa Mãe Asus ROG Strix Z590-I Gaming WiFi LGA1200 2xDDR4 PCI-E HDMI USB-C WiF,Placa Mãe,230.00
2214665,Placa Mãe Asus Tuf B450M-Pro Gaming AM4 4xDDR4 PCI-E HDMI DVI-D USB-C SATA,Placa Mãe,115.00
3324479,Placa Mãe Asus TUF Gaming B450M-PRO II AM4 4xDDR4 PCI-E HDMI DP M.2 USB,Placa Mãe,118.00
3124123,Placa Mãe Asus TUF Gaming B660M-E D4 LGA1700 4xDDR4 PCI-E HDMI DP M.2 USB,Placa Mãe,153.80
3124130,Placa Mãe Asus TUF Gaming B660M-Plus D4 LGA1700 4xDDR4 PCI-E HDMI DP M.2 USB-C,Placa Mãe,180.00
3324578,Placa Mãe Asus TUF Gaming B660M-Plus WiFi D4 LGA1700 4xDDR4 PCI-E HDMI DP M.2 U,Placa Mãe,186.00
3324585,Placa Mãe Asus TUF Gaming B660M-Plus WiFi LGA1700 4xDDR4 PCI-E HDMI DP M.2 USB,Placa Mãe,194.00
2740676,Placa Mãe Asus Tuf Gaming Z590-Plus Wifi LGA1200 4xDDR4 PCI-E HDMI DP M.2 USB-C,Placa Mãe,208.00
2901565,Placa Mãe Asus Tuf Gaming Z690-PLUS D4 LGA1700 4xDDR4 PCI-E HDMI DP M.2 USB-C,Placa Mãe,260.00
2901589,Placa Mãe Asus Tuf Gaming Z690-PLUS WiFi D4 LGA1700 4xDDR4 PCI-E HDMI DP M.2 US,Placa Mãe,295.00
1921847,Placa Mãe Biostar A320MH AM4 2xDDR4 PCI-E VGA HDMI USB SATA,Placa Mãe,47.25
3124314,Placa Mãe Biostar A68N-2100K AMD E1-6010 2xDDR3L PCI-E HDMI VGA SATA,Placa Mãe,48.75
2007212,Placa Mãe Biostar B450MH AM4 2xDDR4 PCI-E VGA HDMI USB SATA,Placa Mãe,56.50
3055403,Placa Mãe Biostar B560M-SILVER LGA 1200 4xDDR4 HDMI DVI-D DP USB,Placa Mãe,101.00
3055380,Placa Mãe Biostar B560MHP LGA 1200 2xDDR4 HDMI VGA USB,Placa Mãe,76.50
3143735,Placa Mãe Biostar B660GTQ LGA1700 4xDDR4 PCI-E HDMI DP DVI-D SATA,Placa Mãe,197.00
3143766,Placa Mãe Biostar B660MX-E LGA1700 2xDDR4 PCI-E HDMI VGA DVI-D USB SATA,Placa Mãe,76.50
2242606,Placa Mãe Biostar H310MHP LGA1151 2xDDR4 HDMI VGA USB SATA,Placa Mãe,52.50
3009512,Placa Mãe Biostar H410MH S2 LGA1200 2xDDR4 PCI-E M.2 HDMI VGA SATA,Placa Mãe,62.00
2964188,Placa Mãe Biostar H510MH 2.0 LGA1200 2xDDR4 PCI-E M.2 HDMI VGA SATA USB,Placa Mãe,69.90
3134245,Placa Mãe Biostar H510MHP LGA1200 2xDDR4 PCI-E HDMI VGA SATA,Placa Mãe,70.00
2882000,Placa Mãe Biostar H510MX E 2.0 LGA1200 2xDDR4 PCI-E M.2 HDMI VGA DVI-D SATA,Placa Mãe,76.50
3034231,Placa Mãe Biostar H610MH LGA1700 2xDDR4 PCI-E M.2 HDMI VGA SATA,Placa Mãe,73.90
3198025,Placa Mãe Biostar H61MHV3 LGA1152 2xDDR3 PCI-E HDMI VGA USB SATA,Placa Mãe,50.00
3171370,Placa Mãe Biostar H81MHV3 2.0 LGA1150 2xDDR3 PCI-E HDMI VGA USB SATA,Placa Mãe,53.00
3197943,Placa Mãe Biostar H81MHV3 3.0 LGA1150 2xDDR3 PCI-E HDMI VGA USB SATA,Placa Mãe,53.50
3171578,Placa Mãe Biostar J4125NHU ITX Celeron 2.5GHz 2xDDR4 PCI-E HDMI VGA USB SATA,Placa Mãe,96.00
2622033,Placa Mãe Biostar X570GTA AM4 4xDDR4 PCI-E M.2 HDMI VGA USB SATA,Placa Mãe,143.00
3055410,Placa Mãe Biostar Z490GTN LGA 1200 DDR4 HDMI VGA USB,Placa Mãe,113.00
3055427,Placa Mãe Biostar Z590GTA LGA 1200 4xDDR4 HDMI DVI-D DP USB,Placa Mãe,193.00
3055434,Placa Mãe Biostar Z690GTA LGA 1200 4xDDR4 HDMI DVI-D DP USB,Placa Mãe,290.00
3140697,Placa Mãe Colorful B560M-D Pro LGA1200 2xDDR4 PCI-E HDMI DVI VGA,Placa Mãe,117.00
3140703,Placa Mãe Colorful B660M-HD Deluxe LGA1700 2xDDR4 PCI-E HDMI DP VGA,Placa Mãe,115.00
3138236,Placa Mãe Colorful C.A68M-E V15 FM2+ 2xDDR3 PCI-E HDMI VGA USB,Placa Mãe,51.75
2117829,Placa Mãe Colorful CVN X570 Gaming Pro V14 AM4 4xDDR4 PCI-E HDMI DP USB-C,Placa Mãe,176.00
3140734,Placa Mãe Colorful H410M-K M.2 V20 LGA1200 2xDDR4 PCI-E HDMI VGA USB,Placa Mãe,66.75
3140666,Placa Mãe Colorful H510M-T M.2 V20 LGA1200 2xDDR4 PCI-E HDMI VGA USB,Placa Mãe,66.50
3140635,Placa Mãe Colorful H81M-K Plus V23B LGA1150 2xDDR3 PCI-E HDMI VGA USB,Placa Mãe,68.75
2865072,Placa Mãe Foxconn H55 LGA1156 2xDDR3 PCI-E HDMI VGA USB SATA,Placa Mãe,40.90
2865089,Placa Mãe Foxconn H61 LGA1155 2xDDR3 PCI-E HDMI VGA USB SATA GIGALAN NVME-M.2,Placa Mãe,35.90
3030264,Placa Mãe Gigabyte B660M DS3H DDR4 LGA1700 4xDDR4 PCI-E M.2 HDMI VGA DP,Placa Mãe,153.50
2746845,Placa Mãe Gigabyte H510M H LGA1200 2xDDR4 PCI-E M.2 HDMI VGA SATA,Placa Mãe,77.00
3294208,Placa Mãe Gigabyte H510M S2H V2 LGA1200 2xDDR4 PCI-E M.2 HDMI DVI-D DP SATA,Placa Mãe,78.00
3030288,Placa Mãe Gigabyte H610M H DDR4 LGA1700 2xDDR4 PCI-E M.2 HDMI VGA,Placa Mãe,90.00
3076866,Placa Mãe Gigabyte H610M S2H DDR4 LGA1700 2xDDR4 PCI-E M.2 HDMI VGA DVI-D DP,Placa Mãe,102.00
3338100,Placa Mãe Gigabyte Z590 Aorus Elite AX LGA1200 4xDDR4 PCI-E M.2 DP SATA WiFi,Placa Mãe,190.00
3338117,Placa Mãe Gigabyte Z590 Aorus PRO AX LGA1200 4xDDR4 PCI-E M.2 DP SATA WiFi,Placa Mãe,230.00
2654409,Placa Mãe Gigabyte Z590 D LGA1200 4xDDR4 PCI-E M.2 DP USB SATA,Placa Mãe,180.00
3338124,Placa Mãe Gigabyte Z590 Gaming X LGA1200 4xDDR4 PCI-E M.2 DP USB-C SATA,Placa Mãe,205.00
2732138,Placa Mãe Gigabyte Z590 UD AC LGA1200 4xDDR4 PCI-E M.2 DP USB SATA WiFi,Placa Mãe,150.00
2732145,Placa Mãe Gigabyte Z590 UD LGA1200 4xDDR4 PCI-E M.2 DP USB SATA,Placa Mãe,155.00
2742441,Placa Mãe GO LINE GL-H55-MA LGA1156 2xDDR3 PCI-E HDMI VGA USB SATA,Placa Mãe,39.00
3275160,Placa Mãe GOLINE B75M-G LGA1155 2xDDR3 PCI-E HDMI VGA USB SATA,Placa Mãe,43.50
2742434,Placa Mãe GOLINE GL-B75-MA LGA1155 2xDDR3 PCI-E HDMI VGA USB SATA,Placa Mãe,43.50
3064108,Placa Mãe GOLINE GL-G41-MA LGA775 2xDDR3 PCI-E VGA USB SATA,Placa Mãe,32.75
3152591,Placa Mãe GOLINE H110M-GD4 LGA1151 2xDDR4 PCI-E HDMI VGA USB SATA,Placa Mãe,49.75
3152614,Placa Mãe GOLINE H510M-G LGA1200 2xDDR4 PCI-E HDMI VGA DVI-D SATA,Placa Mãe,66.75
3152607,Placa Mãe GOLINE H55M-G LGA1156 2xDDR3 PCI-E HDMI VGA USB SATA,Placa Mãe,36.75
3152584,Placa Mãe GOLINE H81M-G LGA1150 2xDDR3 PCI-E HDMI VGA USB SATA,Placa Mãe,43.75
1977899,Placa Mãe MSI H310M PRO-VDH LGA1151 2xDDR4 PCI-E VGA DVI-D HDMI SATA,Placa Mãe,57.00
3055465,Placa Mãe MSI MAG B560M BAZOOKA LGA1200 4xDDR4 M.2 PCI-E HDMI DP USB,Placa Mãe,132.00
3144671,Placa Mãe MSI MAG B560M Mortar Wifi LGA1200 4xDDR4 M.2 PCI-E HDMI DP SATA,Placa Mãe,160.00
3124352,Placa Mãe MSI MAG B660M Bazooka LGA1700 4xDDR4 M.2 PCI-E HDMI DP USB SATA,Placa Mãe,155.00
3124338,Placa Mãe MSI MAG B660M Mortar WiFi DDR4 LGA1700 4xDDR4 M.2 PCI-E HDMI DP USB,Placa Mãe,179.00
3284056,Placa Mãe MSI MAG X570S Tomahawk Max Wifi AM4 4xDDR4 M.2 PCI-E HDMI USB,Placa Mãe,285.00
3055496,Placa Mãe MSI MAG Z590 TOMAHAWK WIFI LGA1200 4xDDR4 M.2 PCI-E HDMI DP USB,Placa Mãe,238.00
3055502,Placa Mãe MSI MEG Z590 ACE LGA1200 4xDDR4 M.2 PCI-E HDMI USB-C SATA BT Wi-Fi,Placa Mãe,492.00
3055519,Placa Mãe MSI MEG Z590 UNIFY LGA1200 4xDDR4 M.2 PCI-E HDMI USB-C SATA BT Wi-Fi,Placa Mãe,205.00
3055526,Placa Mãe MSI MPG Z590 Gaming Carbon WiFi LGA1200 4xDDR4 M.2 PCI-E HDMI USB-C S,Placa Mãe,265.00
3250297,Placa Mãe MSI PRO B660M-A DDR4 LGA1700 4xDDR4 M.2 PCI-E HDMI DP USB,Placa Mãe,127.00
3124321,Placa Mãe MSI PRO H410M-B LGA1200 2xDDR4 M.2 PCI-E HDMI VGA USB,Placa Mãe,69.50
3171646,Placa Mãe MSI Pro H610M-G DDR4 LGA1700 2xDDR4 M.2 PCI-E HDMI VGA DP USB,Placa Mãe,91.00
3171660,Placa Mãe MSI Pro Z690-A DDR4 LGA1700 4xDDR4 M.2 PCI-E HDMI VGA DP USB,Placa Mãe,182.00
3278147,Placa Mãe Star H110 LGA1155 2xDDR3 PCI-E HDMI VGA USB SATA,Placa Mãe,53.00
3278130,Placa Mãe Star H61 LGA1155 2xDDR3 PCI-E HDMI VGA USB SATA,Placa Mãe,42.00
3278161,Placa Mãe Star H81 LGA1155 2xDDR3 PCI-E HDMI VGA USB SATA,Placa Mãe,46.00
3100448,Blackmagic Design DeckLink Duo 2,Placa PCI,535.00
1985214,Placa de Rede Encore Ultimate PCI Ethernet Rápida 10 100 Plateado,Placa PCI,5.50
3249758,Placa de Rede PCI-Express 1P Paralelo,Placa PCI,16.90
2007373,Processador AMD A6 7480 3.8GHz 1MB - Socket FM2+ (com Cooler),Processador,36.00
3204351,Processador AMD Ryzen 3 4100 até 4.00GHz 4 Núcleos 6MB - Socket AM4 OEM (Com C,Processador,93.00
2062419,Processador AMD Ryzen 5 3.600 3.70GHz Hexa-Core 35MB - Socket AM4 (com Cooler),Processador,147.00
3127933,Processador AMD Ryzen 5 4500 até 4.10GHz 6 Núcleos 11MB - Socket AM4 (Com Cool,Processador,117.00
3107577,Processador AMD Ryzen 5 4600G 3.70GHz 6 Núcleos 11MB - Socket AM4 (Com Cooler),Processador,143.00
3052648,Processador AMD Ryzen 5 5500 4.20GHz 6 Núcleos 19MB - Socket AM4 (Com Cooler),Processador,170.00
3052655,Processador AMD Ryzen 5 5600 4.40GHz 6 Núcleos 35MB - Socket AM4 (Com Cooler),Processador,150.00
2739304,Processador AMD Ryzen 5 5600G 3.90GHz 6 Núcleos 19MB - Socket AM4 Com Cooler,Processador,167.00
2739342,Processador AMD Ryzen 7 5700G 3.80GHz 8 Núcleos 20MB - Socket AM4 (Com Cooler),Processador,278.00
3052662,Processador AMD Ryzen 7 5700X 4.60GHz 8 Núcleos 36MB - Socket AM4 (Sem Cooler),Processador,235.00
2528069,Processador AMD Ryzen 7 5800X 4.70GHz Octa-Core 36MB - Socket AM4 (sem Cooler),Processador,336.00
3160510,Processador AMD Ryzen 7 5800X3D até 4.50GHz 8 Núcleos 100MB - Socket AM4 (Sem,Processador,484.00
2480909,Processador AMD Ryzen 9 5900X 3.70GHz 12 Núcleos 70MB - Socket AM4 (Sem Cooler),Processador,419.00
2616032,Processador AMD Ryzen R9 5950X 3.40GHz 16 Núcleos 72MB - Socket AM4 (Sem Cooler,Processador,577.00
3030042,Processador Intel Core i3 LGA1155 i3-2130 3.40GHz 3MB Cache OEM,Processador,14.50
3090084,Processador Intel Core i3 LGA1155 i3-3220 3.30GHz 3MB Cache OEM,Processador,18.50
2426396,Processador Intel Core i3 LGA1200 i3-10100 3.6GHz 6MB Cache com Cooler,Processador,120.00
2469980,Processador Intel Core i3 LGA1200 i3-10100F 3.6GHz 6MB Cache (com Cooler),Processador,77.00
2605432,Processador Intel Core i3 LGA1200 i3-10105F 3.70GHz 6MB Cache (com Cooler),Processador,69.00
2881980,Processador Intel Core i3-10105 LGA1200 - 3.70GHz 6MB de Cache (com Cooler),Processador,113.50
3037973,Processador Intel Core i3-12100 LGA1700 - 3.30GHz 12MB de Cache com Cooler,Processador,138.00
3003251,Processador Intel Core i3-12100F LGA1700 - 3.30GHz 12MB de Cache com Cooler,Processador,102.00
3030059,Processador Intel Core i5 LGA1155 i5-2320 3.00GHz 6MB Cache OEM,Processador,34.90
3165140,Processador Intel Core i5 LGA1155 i5-2500 3.30GHz 6MB Cache OEM,Processador,22.50
2426389,Processador Intel Core i5 LGA1200 i5-10400 2.9GHz 12MB Cache com Cooler,Processador,154.00
2465852,Processador Intel Core i5 LGA1200 i5-10400F 2.9 GHz 12MB Cache (com Cooler),Processador,122.00
2664576,Processador Intel Core i5 LGA1200 i5-10600KF 4.10GHz 12MB Cache (sem Cooler),Processador,186.50
2639482,Processador Intel Core i5-11400 LGA1200 - 2.60GHz 12MB de Cache (com Cooler),Processador,181.00
2854458,Processador Intel Core i5-11400 LGA1200 - 2.60GHz 12MB de Cache OEM,Processador,162.00
2631998,Processador Intel Core i5-11400F LGA1200 - 2.60GHz 12MB de Cache (com Cooler),Processador,139.90
2639505,Processador Intel Core i5-11600K LGA1200 - 3.90GHz 12MB de Cache (sem Cooler),Processador,239.90
2952093,Processador Intel Core i5-12400 LGA1700 - 2.50GHz 18MB de Cache (com Cooler),Processador,206.00
2961859,Processador Intel Core i5-12400F LGA1700 - 2.50GHz 18MB de Cache com Cooler,Processador,185.00
2874371,Processador Intel Core i5-12600K LGA1700 - 3.70GHz 20MB de Cache (sem Cooler),Processador,294.00
2984988,Processador Intel Core i5-12600KF LGA1700 - 3.70GHz 20MB de Cache (sem Cooler),Processador,274.00
2470023,Processador Intel Core i7 LGA1200 i7-10700K 3.80GHz 16MB Cache (sem Cooler),Processador,331.00
2469997,Processador Intel Core i7 LGA1200 i7-10700KF 3.8GHz 16MB Cache (sem Cooler),Processador,299.00
2615905,Processador Intel Core i7 LGA1200 i7-11700 2.50GHz 16MB Cache (com Cooler),Processador,340.00
2615912,Processador Intel Core i7 LGA1200 i7-11700F 2.50GHz 16MB Cache (com Cooler),Processador,290.00
2615899,Processador Intel Core i7 LGA1200 i7-11700K 3.60GHz 16MB Cache sem Cooler,Processador,322.00
2791708,Processador Intel Core i7 LGA1200 i7-11700KF 3.60GHz 16MB Cache sem Cooler,Processador,313.00
3003091,Processador Intel Core i7-12700 LGA1700 - 2.10GHz 25MB de Cache com Cooler,Processador,368.00
2874517,Processador Intel Core i7-12700K LGA1700 - 3.60GHz 25MB de Cache (sem Cooler),Processador,395.00
2874531,Processador Intel Core i7-12700KF LGA1700 - 3.60GHz 25MB de Cache (sem Cooler),Processador,407.00
2577043,Processador Intel Core i9 LGA1200 i9-10900 2.8GHz 20MB Cache com Cooler,Processador,395.00
2480923,Processador Intel Core i9 LGA1200 i9-10900F 2.8GHz 20MB Cache com Cooler,Processador,373.00
2605166,Processador Intel Core i9 LGA1200 i9-10900K 3.70GHz 20MB Cache (sem Cooler),Processador,421.00
3127957,Processador Intel Core i9-11900 LGA1200 - 2.50GHz 16MB de Cache com Cooler,Processador,452.00
2874548,Processador Intel Core i9-11900K LGA1200 - 3.50GHz 16MB de Cache (sem Cooler),Processador,420.00
2984933,Processador Intel Core i9-11900KF LGA1200 - 3.50GHz 16MB de Cache (sem Cooler),Processador,384.00
3067918,Processador Intel Core i9-12900F LGA1700 - 2.40GHz 30MB de Cache com Cooler,Processador,511.00
2874555,Processador Intel Core i9-12900K LGA1700 - 3.20GHz 30MB de Cache sem Cooler,Processador,568.00
2891323,Processador Intel Core i9-12900KF LGA1700 - 3.20GHz 30MB de Cache sem Cooler,Processador,586.00
3003220,Processador Intel Pentium Gold G7400 LGA1700 - 3.70GHz 6MB de Cache com Cooler,Processador,76.50
3033920,Processador Intel Pentium Gold LGA1200 G6405 4.1GHz 4MB Cache com Cooler,Processador,62.00
